Timestamp,User Count,Type,Name,Requests/s,Failures/s,50%,66%,75%,80%,90%,95%,98%,99%,99.9%,99.99%,100%,Total Request Count,Total Failure Count,Total Median Response Time,Total Average Response Time,Total Min Response Time,Total Max Response Time,Total Average Content Size
1765959921,0,,Aggregated,0.000000,0.000000,N/A,N/A,N/A,N/A,N/A,N/A,N/A,N/A,N/A,N/A,N/A,0,0,0,0.0,0,0,0
1765959922,5,,Aggregated,0.000000,0.000000,35,35,94,94,400,400,400,400,400,400,400,6,0,25,99.2637866665973,14.934369999537012,401.82682700014993,1954.6666666666667
1765959923,10,,Aggregated,0.000000,0.000000,39,77,320,340,1200,1200,1200,1200,1200,1200,1200,36,0,35,212.8422108333123,8.90629999958037,1219.6186330002092,776.4444444444445
1765959925,15,,Aggregated,0.000000,0.000000,38,79,280,310,370,1200,1200,1200,1200,1200,1200,51,0,38,183.7320209214893,8.90629999958037,1219.6186330002092,717.843137254902
1765959926,20,,Aggregated,3.000000,0.000000,38,76,240,270,350,1200,1200,1200,1200,1200,1200,77,0,38,151.69641015582582,8.90629999958037,1219.6186330002092,685.7142857142857
1765959927,20,,Aggregated,12.000000,0.000000,25,44,77,200,310,400,1200,1200,1200,1200,1200,101,0,25,120.64714397028823,8.243969999966794,1219.6186330002092,672.8613861386139
1765959928,20,,Aggregated,15.400000,0.000000,21,29,49,76,280,370,1200,1200,1200,1200,1200,135,0,21,94.46056434075957,7.920756000203255,1219.6186330002092,666.2444444444444
1765959929,20,,Aggregated,15.400000,0.000000,19,25,38,53,260,340,1200,1200,1200,1200,1200,161,0,19,81.44305004349594,7.515437000620295,1219.6186330002092,674.5093167701864
1765959930,20,,Aggregated,19.000000,0.000000,18,23,30,39,240,320,1200,1200,1200,1200,1200,194,0,18,70.76328763404368,7.515437000620295,1219.6186330002092,673.5876288659794
1765959931,20,,Aggregated,19.000000,0.000000,17,22,27,38,94,310,480,1200,1200,1200,1200,215,0,17,65.31606170235115,7.515437000620295,1219.6186330002092,676.3906976744186
1765959932,20,,Aggregated,20.125000,0.000000,17,22,25,30,80,280,480,1200,1200,1200,1200,247,0,17,59.35586652634561,7.515437000620295,1219.6186330002092,681.2064777327935
1765959933,20,,Aggregated,21.500000,0.000000,16,21,24,28,76,280,400,1200,1200,1200,1200,274,0,16,55.06127824453896,7.515437000620295,1219.6186330002092,679.9343065693431
1765959934,20,,Aggregated,21.500000,0.000000,16,21,24,27,60,270,400,1200,1200,1200,1200,292,0,16,52.6683894623409,7.515437000620295,1219.6186330002092,684.6849315068494
1765959935,20,,Aggregated,24.700000,0.000000,16,20,24,26,59,270,370,1200,1200,1200,1200,307,0,16,50.77295801304748,7.515437000620295,1219.6186330002092,688.5211726384365
1765959936,20,,Aggregated,25.600000,0.000000,16,20,23,25,56,260,370,1200,1200,1200,1200,330,0,16,48.24713328487798,7.515437000620295,1219.6186330002092,684.4333333333333
1765959937,20,,Aggregated,25.600000,0.000000,15,19,23,25,53,250,370,1200,1200,1200,1200,346,0,15,46.73021828615558,7.515437000620295,1219.6186330002092,684.514450867052
1765959938,28,,Aggregated,25.000000,0.000000,16,20,24,27,79,310,490,1200,1200,1200,1200,375,0,16,55.62723118935295,7.515437000620295,1219.6186330002092,678.488
1765959939,30,,Aggregated,24.500000,0.000000,16,20,24,27,77,280,480,540,1200,1200,1200,405,0,16,53.92899632841386,7.515437000620295,1219.6186330002092,678.8444444444444
1765959940,30,,Aggregated,23.600000,0.000000,16,20,24,27,65,280,480,540,1200,1200,1200,428,0,16,51.998941911232215,7.515437000620295,1219.6186330002092,679.8294392523364
1765959941,30,,Aggregated,23.700000,0.000000,16,20,24,26,59,280,480,540,1200,1200,1200,445,0,16,50.58140566068666,7.515437000620295,1219.6186330002092,680.6539325842697
1765959942,30,,Aggregated,23.000000,0.000000,16,20,24,26,58,270,480,540,1200,1200,1200,464,0,16,49.27988076940437,7.515437000620295,1219.6186330002092,680.9612068965517
1765959943,30,,Aggregated,22.700000,0.000000,16,20,24,26,54,270,480,540,1200,1200,1200,489,0,16,47.72713011861329,7.515437000620295,1219.6186330002092,681.3047034764826
1765959944,30,,Aggregated,21.100000,0.000000,16,20,24,26,48,260,400,510,1200,1200,1200,512,0,16,46.44886281055172,7.515437000620295,1219.6186330002092,688.73828125
1765959945,30,,Aggregated,21.400000,0.000000,16,20,24,25,46,250,400,510,1200,1200,1200,533,0,16,45.360701761731605,7.515437000620295,1219.6186330002092,690.968105065666
1765959946,30,,Aggregated,21.500000,0.000000,16,20,24,25,43,250,370,510,1200,1200,1200,551,0,16,44.39991696733593,7.515437000620295,1219.6186330002092,692.2196007259528
1765959947,30,,Aggregated,22.500000,0.000000,16,19,23,25,40,240,370,510,1200,1200,1200,565,0,16,43.65592517522407,7.515437000620295,1219.6186330002092,695.0690265486726
1765959948,30,,Aggregated,22.000000,0.000000,15,19,23,25,39,240,370,510,1200,1200,1200,582,0,15,42.79190785567237,7.137215000511787,1219.6186330002092,698.3109965635739
1765959949,30,,Aggregated,21.500000,0.000000,15,19,23,25,38,240,370,510,1200,1200,1200,600,0,15,41.924987659999715,7.137215000511787,1219.6186330002092,699.255
1765959950,30,,Aggregated,21.000000,0.000000,15,19,23,25,38,230,350,490,1200,1200,1200,635,0,15,40.80919518267286,7.137215000511787,1219.6186330002092,697.7637795275591
1765959951,30,,Aggregated,20.100000,0.000000,15,19,23,25,38,200,350,490,1200,1200,1200,659,0,15,39.850971288311634,7.137215000511787,1219.6186330002092,699.8330804248862
1765959952,30,,Aggregated,20.900000,0.000000,15,19,23,25,37,140,350,490,1200,1200,1200,685,0,15,38.95282661021428,7.137215000511787,1219.6186330002092,701.9240875912409
1765959953,30,,Aggregated,21.300000,0.000000,15,18,22,24,37,100,340,490,1200,1200,1200,712,0,15,38.02587920364878,7.137215000511787,1219.6186330002092,703.1081460674158
1765959954,30,,Aggregated,22.400000,0.000000,15,18,22,24,36,94,340,490,1200,1200,1200,725,0,15,37.5960630965522,7.137215000511787,1219.6186330002092,705.5393103448276
1765959955,30,,Aggregated,22.200000,0.000000,15,18,22,24,36,94,340,490,1200,1200,1200,731,0,15,37.394054523940184,7.137215000511787,1219.6186330002092,708.5731874145007
1765959956,30,,Aggregated,21.600000,0.000000,15,18,22,24,36,94,340,490,1200,1200,1200,739,0,15,37.140533299052194,7.137215000511787,1219.6186330002092,710.3924221921516
1765959957,30,,Aggregated,19.800000,0.000000,15,18,22,24,36,80,330,490,1200,1200,1200,764,0,15,36.438840349475385,7.137215000511787,1219.6186330002092,710.208115183246
1765959958,30,,Aggregated,18.900000,0.000000,15,18,22,24,35,79,330,490,1200,1200,1200,794,0,15,35.64039567506212,7.137215000511787,1219.6186330002092,710.1435768261965
1765959959,30,,Aggregated,19.500000,0.000000,15,18,21,24,34,76,320,480,1200,1200,1200,825,0,15,34.83861131636138,7.137215000511787,1219.6186330002092,708.4727272727273
1765959960,30,,Aggregated,20.600000,0.000000,15,18,21,23,33,65,310,480,1200,1200,1200,855,0,15,34.20237087601895,7.137215000511787,1219.6186330002092,709.472514619883
1765959961,30,,Aggregated,22.300000,0.000000,15,18,21,23,32,60,310,480,1200,1200,1200,879,0,15,33.64280264050381,7.137215000511787,1219.6186330002092,709.6825938566553
1765959962,30,,Aggregated,21.700000,0.000000,15,18,21,23,32,59,310,480,1200,1200,1200,891,0,15,33.452277662179995,7.137215000511787,1219.6186330002092,712.8630751964085
1765959963,40,,Aggregated,21.900000,0.000000,15,18,21,24,36,150,430,490,1200,1200,1200,920,0,15,38.5712809739101,7.137215000511787,1219.6186330002092,708.1576086956521
1765959964,40,,Aggregated,20.200000,0.000000,15,18,21,24,35,100,430,490,1200,1200,1200,941,0,15,38.076912268857555,7.137215000511787,1219.6186330002092,709.7853347502656
1765959965,40,,Aggregated,20.900000,0.000000,15,18,21,23,34,94,400,490,1200,1200,1200,972,0,15,37.302045327157465,7.137215000511787,1219.6186330002092,710.3302469135803
1765959966,40,,Aggregated,21.400000,0.000000,15,18,21,23,34,80,370,490,1200,1200,1200,1003,0,15,36.55987063409655,7.137215000511787,1219.6186330002092,709.7178464606181
1765959967,40,,Aggregated,23.500000,0.000000,15,18,20,23,33,79,370,490,1200,1200,1200,1028,0,15,35.99008736575877,7.137215000511787,1219.6186330002092,710.421206225681
1765959968,40,,Aggregated,26.000000,0.000000,15,17,20,22,32,77,370,490,1200,1200,1200,1056,0,15,35.427907913827994,7.137215000511787,1219.6186330002092,709.0587121212121
1765959969,40,,Aggregated,26.600000,0.000000,15,17,20,22,31,65,370,490,1200,1200,1200,1088,0,15,34.81328671783585,7.137215000511787,1219.6186330002092,708.6819852941177
1765959970,40,,Aggregated,26.200000,0.000000,15,18,20,23,31,59,350,480,1200,1200,1200,1136,0,15,34.27726363293085,7.137215000511787,1219.6186330002092,706.4929577464789
1765959971,40,,Aggregated,26.000000,0.000000,15,17,20,22,31,58,350,480,1200,1200,1200,1171,0,15,33.68679237916906,7.137215000511787,1219.6186330002092,704.8582408198122
1765959972,40,,Aggregated,26.800000,0.000000,15,17,20,22,30,58,340,480,1200,1200,1200,1206,0,15,33.115841644283535,7.137215000511787,1219.6186330002092,705.7321724709784
1765959973,40,,Aggregated,28.600000,0.000000,15,17,20,22,30,57,340,480,1200,1200,1200,1228,0,15,32.78824970195632,7.137215000511787,1219.6186330002092,706.7125407166124
1765959974,40,,Aggregated,31.300000,0.000000,14,17,20,22,29,56,340,480,1200,1200,1200,1247,1,14,32.48688745629649,2.5703169994812924,1219.6186330002092,707.5340817963112
1765959975,40,,Aggregated,30.500000,0.000000,14,17,20,22,29,54,330,480,1200,1200,1200,1279,1,14,32.000194592651866,2.5703169994812924,1219.6186330002092,705.6497263487099
1765959976,40,,Aggregated,30.800000,0.100000,14,17,20,22,29,54,320,480,1200,1200,1200,1319,1,14,31.64479157240418,2.5703169994812924,1219.6186330002092,704.8529188779378
1765959977,40,,Aggregated,30.600000,0.100000,14,17,20,22,29,52,320,480,1200,1200,1200,1345,1,14,31.282035418587764,2.5703169994812924,1219.6186330002092,704.5345724907063
1765959978,40,,Aggregated,30.800000,0.100000,14,17,20,22,28,52,310,480,1200,1200,1200,1365,1,14,31.040125191207437,2.5703169994812924,1219.6186330002092,706.2791208791209
1765959979,40,,Aggregated,32.000000,0.100000,14,17,20,22,28,50,310,480,1200,1200,1200,1395,1,14,30.711452268099567,2.5703169994812924,1219.6186330002092,705.7942652329749
1765959980,40,,Aggregated,31.500000,0.100000,14,17,20,21,28,50,310,480,1200,1200,1200,1439,1,14,30.313293999304168,2.5703169994812924,1219.6186330002092,703.419041000695
1765959981,40,,Aggregated,30.800000,0.100000,14,17,19,21,28,49,300,480,1200,1200,1200,1472,1,14,29.935917431384702,2.5703169994812924,1219.6186330002092,703.4368206521739
1765959982,40,,Aggregated,30.800000,0.100000,14,17,20,22,29,52,300,480,1200,1200,1200,1498,1,14,30.113520317757796,2.5703169994812924,1219.6186330002092,703.5407209612817
1765959983,40,,Aggregated,30.600000,0.100000,14,17,20,22,29,52,280,480,1200,1200,1200,1524,1,14,29.978601883203616,2.5703169994812924,1219.6186330002092,704.9494750656168
1765959984,40,,Aggregated,28.800000,0.100000,14,17,20,22,29,50,280,480,1200,1200,1200,1550,1,14,29.71798840580842,2.5703169994812924,1219.6186330002092,703.6070967741936
1765959985,40,,Aggregated,29.700000,0.100000,14,17,20,21,29,50,280,480,1200,1200,1200,1574,2,14,29.461151083228028,0.6866359999548877,1219.6186330002092,703.2026683608641
1765959986,40,,Aggregated,30.000000,0.000000,14,17,19,21,29,49,280,480,1200,1200,1200,1595,2,14,29.271083464576872,0.6866359999548877,1219.6186330002092,703.4984326018808
1765959987,40,,Aggregated,29.700000,0.100000,14,17,19,21,28,48,280,470,1200,1200,1200,1629,2,14,28.988535944750865,0.6866359999548877,1219.6186330002092,702.0693677102516
1765959988,32,,Aggregated,28.600000,0.100000,14,17,19,21,28,48,270,470,1200,1200,1200,1655,2,14,28.766882232021448,0.6866359999548877,1219.6186330002092,707.009667673716
1765959989,30,,Aggregated,28.500000,0.100000,14,17,19,21,28,48,270,470,1200,1200,1200,1675,2,14,28.595561097908064,0.6866359999548877,1219.6186330002092,716.5922388059702
1765959990,30,,Aggregated,28.100000,0.100000,14,17,19,21,28,47,270,440,1200,1200,1200,1706,2,14,28.376856909729213,0.6866359999548877,1219.6186330002092,723.9783118405627
1765959991,30,,Aggregated,27.700000,0.100000,14,17,19,21,28,46,260,440,1200,1200,1200,1759,2,14,28.01559465832853,0.6866359999548877,1219.6186330002092,752.0989198408187
1765959992,30,,Aggregated,26.700000,0.100000,14,17,19,21,28,46,260,440,1200,1200,1200,1767,2,14,27.9660141262023,0.6866359999548877,1219.6186330002092,756.7945670628184
1765959993,30,,Aggregated,28.300000,0.100000,14,17,19,21,27,44,250,430,1200,1200,1200,1801,2,14,27.681641239866746,0.6866359999548877,1219.6186330002092,783.1277068295392
1765959994,30,,Aggregated,28.000000,0.100000,14,17,19,21,27,44,250,430,1200,1200,1200,1825,2,14,27.512006993425057,0.6866359999548877,1219.6186330002092,785.6958904109589
1765959995,30,,Aggregated,27.500000,0.100000,14,17,19,21,27,43,250,430,1200,1200,1200,1857,2,14,27.275229985998724,0.6866359999548877,1219.6186330002092,803.4981152396338
1765959996,30,,Aggregated,26.800000,0.100000,14,17,19,21,27,43,250,430,1200,1200,1200,1868,2,14,27.194693573875202,0.6866359999548877,1219.6186330002092,807.5819057815846
1765959997,30,,Aggregated,28.100000,0.000000,14,17,19,21,27,42,250,430,1200,1200,1200,1894,3,14,26.99086772333691,0.6833639999968,1219.6186330002092,822.2486800422387
1765959998,30,,Aggregated,27.500000,0.000000,14,17,19,21,27,42,240,400,1200,1200,1200,1908,3,14,26.93861500419221,0.6833639999968,1219.6186330002092,827.5461215932914
1765959999,30,,Aggregated,26.000000,0.100000,14,17,19,21,27,41,240,400,1200,1200,1200,1929,3,14,26.79823631829913,0.6833639999968,1219.6186330002092,837.319854847071
1765960000,30,,Aggregated,25.900000,0.100000,14,17,19,21,26,40,240,400,1200,1200,1200,1951,3,14,26.643326793952262,0.6833639999968,1219.6186330002092,843.9333675038442
1765960001,30,,Aggregated,25.800000,0.100000,14,17,19,21,26,39,240,400,1200,1200,1200,1989,3,14,26.37343505983084,0.6833639999968,1219.6186330002092,862.052790346908
1765960002,30,,Aggregated,25.000000,0.100000,14,17,19,21,26,38,240,370,1200,1200,1200,2014,3,14,26.230456116685538,0.6833639999968,1219.6186330002092,868.2045680238332
1765960003,25,,Aggregated,22.700000,0.100000,14,17,19,21,26,38,240,370,1200,1200,1200,2045,3,14,26.09803267530874,0.6833639999968,1219.6186330002092,875.9530562347188
1765960004,20,,Aggregated,23.000000,0.100000,14,17,19,21,26,38,230,370,1200,1200,1200,2079,3,14,25.915047850412915,0.6833639999968,1219.6186330002092,877.3107263107263
1765960005,15,,Aggregated,23.800000,0.100000,14,17,19,21,26,38,230,370,1200,1200,1200,2097,3,14,25.808713029569947,0.6833639999968,1219.6186330002092,876.066762041011
1765960006,15,,Aggregated,24.800000,0.100000,14,16,19,21,26,38,200,370,1200,1200,1200,2114,3,14,25.70827777767629,0.6833639999968,1219.6186330002092,875.2265846736045
1765960007,15,,Aggregated,24.400000,0.100000,14,16,19,20,26,38,200,370,1200,1200,1200,2137,3,14,25.59835882499134,0.6833639999968,1219.6186330002092,873.9728591483388
1765960008,15,,Aggregated,24.400000,0.100000,14,16,19,20,26,38,200,370,1200,1200,1200,2150,3,14,25.52820375581579,0.6833639999968,1219.6186330002092,872.9897674418604
1765960009,15,,Aggregated,23.900000,0.000000,14,16,19,20,26,38,150,370,1200,1200,1200,2158,3,14,25.484599554682102,0.6833639999968,1219.6186330002092,873.0630213160333
1765960010,15,,Aggregated,24.000000,0.000000,14,16,19,20,26,38,150,370,1200,1200,1200,2176,3,14,25.402942214156646,0.6833639999968,1219.6186330002092,872.9806985294117
1765960011,15,,Aggregated,23.100000,0.000000,14,16,19,20,26,38,150,370,1200,1200,1200,2187,3,14,25.34607285322617,0.6833639999968,1219.6186330002092,872.1156835848194
1765960012,15,,Aggregated,22.200000,0.000000,14,16,19,20,26,38,150,350,1200,1200,1200,2203,3,14,25.27350700272542,0.6833639999968,1219.6186330002092,870.5487970948707
